{
  "coefficients": {
    "Silhouette": 0.3203190110165011,
    "Davies-Bouldin": 0.22599726745900783,
    "Calinski-Harabasz": -0.2402199919875451,
    "Dunn Index": -0.08897441587324084,
    "SSE": -0.512442619124475,
    "NCI": 0.05663134309831037,
    "Ball-Hall": 0.007794217184923012,
    "Ratkowsky-Lance": -0.6742591139712859,
    "Ray-Turi": 0.004717851080555283,
    "RMSSTD": 0.15175802774198746,
    "R-squared": -0.1464590470742296,
    "Wemmert-Gancarski": -0.03708297866513599,
    "CS index": -0.08411018702687437,
    "COP": 0.10990729129314468,
    "S_Dbw": 0.6338706311213844,
    "Det Ratio": -0.10843541421332226,
    "Gamma": 0.1365541785153504,
    "Generalized Dunn": 0.5797260261226791,
    "G-plus": 0.04973867927504978,
    "I-index (PBM)": -0.2596075193708517,
    "Log_Det_Ratio": 0.309272261412086,
    "McClain-Rao": -0.09029900852563663,
    "Point-Biserial": -0.3493847395466554,
    "SD validity": -0.16546270565264604,
    "Tau": 0.7767918171615305,
    "Trace_WiB": -0.08671740744933928,
    "Ksq_DetW": -0.2063446084715943,
    "Banfield-Raftery": 0.18914471638601274,
    "Negentropy": 0.3042870084190304,
    "NIVA": -0.07171054573565909,
    "Score Function": 0.5468979159173005,
    "Scott-Symons": 0.24097638996163145
  },
  "bias": 0.5,
  "regularization": "ridge",
  "alpha": 1.0,
  "training_samples": 384,
  "non_zero_count": 32,
  "method": "pairwise_ranking",
  "cv_r2_mean": 0.6756442628267134,
  "cv_r2_std": 0.12095346757877462,
  "ranking_accuracy": 1.0
}